speaker,Episodes Appeared
(Pam's mom) Heleen,1
3rd Athlead Employee,1
4th Athlead Employee,1
A.J.,1
AJ,2
Aaron Rodgers,1
Abby,1
Actor,2
Actress,1
Ad guy 1,1
Ad guy 2,1
Air Force recruiter,1
Alan,2
Albiny,1
Alex,1
Alice,1
All,32
All Girls,1
All but Oscar,1
All the Men,1
Alonzo,1
Alyssa,1
Amanda,1
Amy,1
Andy,144
Andy & Erin,2
Andy & Michael,2
Andy & Walter,1
Andy and Darryl,1
Andy and Dwight,2
Andy and Erin,1
Andy and Jim,1
Andy and Michael,1
"Andy, Creed, Kevin, Kelly",1
"Andy, Creed, Kevin, Kelly, Darryl",1
"Andy, Darryl & Officer Foley",1
Andy/Oscar,1
Andy/Pam,1
Andy/Stanley,1
Angel,1
Angela,175
Angela & Oscar,2
Angela and Dwight,1
Angela and Kelly,1
Angela/Pam,1
Angels,1
Anglea,1
Announcer,2
Another guy,1
Archivist,1
Artist,1
Astrid,1
Athlead Coworker,1
Athlead Employee,2
Attendant,1
Audience,3
Aunt Shirley,1
Automated phone voice,1
Ballerinas,1
Bar Manager,1
Barbara,1
Barbara Allen,1
Bartender,5
Bass Player,1
Ben,1
Ben Franklin,1
Bert,1
Beth,1
Bill,2
Bill Cress,1
Bill Hader,1
Billy,1
Billy Merchant,1
Billy's Girlfriend,1
Blogger,1
Blogger 2,1
Blonde,1
Blood Drive Worker,1
Blood Girl,1
Boat Guy,1
Bob,7
Bob Vance,9
"Bob Vance, Vance Refrigeration",1
Bob's Secretary,1
Bookstore employee,1
Boom Box,1
Both,8
Bouncer,1
Brad,1
Brandon,2
Brenda,1
Brian,5
Broccoli Rob,1
Bruce,1
Bus driver,1
Business Student #1,1
Business Student #2,1
Business Student #3,1
Business partner,1
Businessman #1,1
Businessman #2,1
Businessman #3,1
Buyer,2
CPR Trainer,1
CPR trainer,1
Calvin,1
Camera Crew,1
CameraMan,1
Cameraman,1
Cameron,1
Captain Jack,1
Carla,2
Carla Fern,1
Carol,6
Carol Stills,1
Carrol,1
Carroll,1
Casey,1
Casey Dean,1
Cathy,7
Cece,3
Cell Phone Sales Person,1
Chad Lite,1
Chares,1
Charles,7
Check-in guy,1
Chef,1
Chelsea,1
Chet,1
Child,1
Children,1
Chili's Employee,1
Christian,1
Christian Slater,1
Church congregation,1
Cindy,1
Clark,20
Clay Aiken,1
Cleaning lady,1
Client,3
Co-Worker 1,1
Co-Worker 2,1
Co-Worker 3,1
Co-worker,1
Co-worker #2,1
Co-workers,1
Coffee shop worker,1
Colin,1
College Student,1
Computron,1
Concierge,1
Concierge Marie,1
Cookie Monster,1
Council,1
Cousin Mose,1
Craig,1
Credit card rep,1
Creed,137
Crowd,7
Curtis,1
Customer,3
D,1
DJ,1
Dacvid Walalce,1
Dacvid Wallace,1
Dakota,1
Dale,1
Dan,1
Dan Gore,1
Dana,1
Dance Teacher,1
Danny,2
Darrly,2
Darry,1
Darryl,105
Darryl & Oscar,1
Darryl and Andy,1
Darryl and Angela,1
Darryl and Katy,1
Darryl and Kevin,1
Darryl's sister,1
Daryl,6
David,28
David Brent,2
David Wallace,16
David Wallace's Secretary,1
David Wallcve,1
DeAgnelo,1
DeAngelo,2
Dealer,1
Deangelo,2
Deangelo/Michael,1
Delivery Boy,1
Delivery Woman,1
Delivery man,1
Deliveryman,1
Denagelo,1
Denise,1
Dennis,1
Deposition Reporter,1
Devon,2
Diane,1
Diane Kelly,1
Dight,1
Director,1
Doctor,3
Documentary Crew Member,1
Donna,3
Donna Muraski,1
Doug,1
Doug [church member],1
Drive Thru Customer,1
Drummer,1
DunMiff/sys,1
Dwight,186
Dwight ,2
Dwight & Andy,1
Dwight & Nate,1
Dwight [on phone],1
Dwight and Andy,2
Dwight and Angela,1
Dwight and Erin,2
Dwight and Michael,4
Dwight and Roy,1
"Dwight, Erin, Jim & Kevin",1
"Dwight, Jim & Pam",1
"Dwight, Jim and Michael",1
Dwight.,1
Dwight:,1
DwightKSchrute,1
Ed,2
Edward R. Meow,1
Einsteins,1
Elderly Woman,1
Elizabeth,2
Ellen,1
Emergency Operator,1
Employee,1
Employees,1
Employees except Dwight,1
Entire Prince family,1
Entire office,1
Eric,3
Erin,98
Erin and Irene,1
Erin and Kelly,1
Erin's Cell Phone,1
Ernesto,1
Esther,5
Evan,1
Everybody,7
Everyone,31
Everyone watching,1
Ex-client,1
Fake Jim,1
Fake Stanley,1
Fannie,1
Fast Food Worker,1
Female Applicant,1
Female Athlead Employee,1
Female Intern,1
Female Shareholder,1
Female church member,1
Female church member [to Michael],1
Female intern,1
Female worker,1
Financial Guy,1
Finger Lakes Guy,1
Fourth Shareholder,1
Frank,1
Fred,1
Fred Henry,1
Friend,1
Front Desk Clerk,1
GPS,1
Gabe,47
Gabe/Kelly/Toby,1
Gabor,1
German Minister,1
Gideon,1
Gil,2
Girl,3
Girl acting Pregnant,1
Girl at table,1
Girl in 2nd club,1
Girl in Club,1
Girls,1
Glen,1
Glenn,3
Graphics guy,1
Grotti,1
Group,10
Group chant,1
"Group: Dunder Mifflin!
Andy: Andy Bernard presents: Summer Softball Epic Fails! [Kevin swings bat on screen, fart noise follows] Fail. [repeats] Fail",1
Guy,12
Guy At Bar,1
Guy at bar,1
Guy at table,1
Guy buying doll,1
Guy in audience,1
Guys in breakroom,1
Gwenneth,1
Gym Instructor,1
Gym instructor,1
HCT,1
HCT Member #1,1
HCT Member #2,1
HCT Member #3,1
Hank,13
Hank [the security guard],1
Hank the Security Guard,2
Hannah,4
Harry,1
Harvey,1
Hayworth's waiter,1
Helen,1
Helene,5
Henry,1
Hide,5
Holly,17
Holly & Darryl,1
Holly & Michael,1
Holly's Dad,1
Holly's Mom,1
Holy,2
Hooter's Girls,1
Hospital employee,1
Host,1
Hostess,2
Hot Dog Guy,1
Hotel Employee,2
Hotel Manager,1
Hunter,3
Hunter's CD,1
I.D. Photographer,1
IT Tech Guy,1
Improv Teacher,1
Intern,1
Investor,1
Ira,1
Irene,2
Isaac,2
Isabel,2
Isabelle,1
JIM9334,1
JIM9334 [screen name],1
JIm,1
Jada,2
Jake,2
Jakey,1
Jamie,1
Jan,43
Jan [on phone],1
Jeb,1
Jerome Bettis,1
Jerry,1
Jessica,4
Jessica Alba,1
Jim,185
Jim ,2
Jim & Dwight,1
Jim & Pam,2
Jim and Dwight,1
Jim and Pam,4
Jim's Dad,1
Jim's voicemail,1
"Jim, Josh, and Dwight",1
"Jim, Pam, Michael and Dwight",1
Jo,9
Jo Bennett,1
Joan,1
Jordan,3
Josh,7
Julia,1
Julie,1
Julius,2
Julius Irving,1
Justin,1
Justine,2
Karen,26
Kathy,5
Katy,3
Keena Gifford,1
Kelly,143
Kelly and Erin,2
Kelly's Father,1
Kelly's Mom,1
Kendall,2
Kenny,5
Kevin,180
Kevin & Andy,1
Kevin & Meredith,1
Kevin & Oscar,1
Kevin's computer,1
Kid,4
Kids,4
Lab Tech,1
Lady,4
Lady Blogger,1
Larry,1
Larry Myers,1
Lauren,1
Laurie,1
Lawyer,2
Lefevre,1
Leo,1
Lester,1
Lily,1
Limo Driver,2
Linda,2
Liquor Store Clerk,1
Little Girl,2
Lonnie,1
Lonny,3
Luke,1
Lynn,3
M ichael,1
MIchael,1
Madge,3
Magician,1
Maguire,1
Malcolm,1
Male Applicant 1,1
Male Applicant 2,1
Male church member,1
Male voice,1
Man,18
Man 1,1
Man 2,1
Man 3,1
Man from Buffalo,1
Man in Video,1
Man in line,1
Man on Phone,1
Man on phone,2
Manager,3
Marcy,1
Margaret,1
Marie,1
Mark,3
Mark McGrath,1
Martin,2
Mary-Beth,1
Master,1
Matt,2
Maurie,1
Mee-Maw,1
MeeMaw,1
Megan,2
Melissa,2
Melvina,1
Mema,1
Member,1
Men,1
Meredith,142
Meredith & Kelly,1
Meredith's Vet,1
"Meredith, Creed, Oscar and Matt",1
Meridith,1
Merv,1
Merv Bronte,1
Mexican Man,1
Micael,1
Micahel,4
Michae,2
Michael,137
Michael ,3
Michael & Dwight,2
Michael & Holly,2
Michael [on phone],1
Michael and Andy,1
Michael and Christian,1
Michael and Darryl,1
Michael and Donna,1
Michael and Dwight,8
Michael and Erin,1
Michael and Holly,1
Michael and Jim,1
Michael's Ad,1
"Michael, Holly, and Darryl",1
"Michael, Pam & Ryan",1
Michael/Dwight,1
Michal,1
Micheal,6
Michel,5
Mihael,1
Miichael,1
Mikela,1
Minister,1
Miss Trudy,1
Moderator,1
Molly,1
Mose,7
Mose [on phone],1
Mother,1
Mr. Beesly,1
Mr. Brown,1
Mr. Figaro,1
Mr. Halpert,1
Mr. Kapoor,1
Mr. O'Malley,1
Mr. Ramish,1
Mr. Romanko,1
Mr. Ruger,1
Mr. Schofield,1
Mrs. California,1
Mrs. Davis,1
Mrs. Kapoor,1
Mrs. Wallace,1
Nail manager,1
Nail stylist 1,1
Nail stylist 2,1
Nana,1
Narrator,1
Nate,10
Neighbor,1
Nellie,33
Nellie Bertram,1
Nellie and Pam,1
New Instant Message,1
Nick,4
Night cleaning crew,1
Nurse,4
O'Keefe,1
Off-camera,1
Office,2
Office Staff,1
Officer,1
Officer 1,1
Officer 2,1
Officer Foley,1
Offscreen,1
Old Lady,1
Old Man,1
Old Woman,2
Old lady,1
Older Woman,1
Older guy,1
Oscar,166
Oscar and Stanley,1
Oscar's Computer,1
Oscar's friend,1
Oscar's voice from the computer,1
Other Guy at Bar,1
Other waitress,1
Others,2
Overhead,2
Packer,6
Pam,182
Pam ,1
Pam & Dwight,1
Pam [on phone],1
Pam and Jim,2
Pam and Kelly,1
Pam and others,1
Pam as fourth-biggest client,1
Pam as ninth-biggest client,1
Pam's Mom,1
Pam's dad,1
Pam's mom,1
Pam/Jim,1
Paramedic,1
Parent in Audience,1
Parent in audience #1,1
Parent in audience #2,1
Paris,1
Park Ranger,1
Party Announcer,1
Party Guest,1
Party Photographer,1
Party Waiter,1
Party guests,1
Passer-by,1
Pastor,2
Patty,1
Paul,1
Paul Faust,1
Pediatrician,1
Penny,1
People in line,1
Pete,22
Pete Halpert,1
Phil,1
Phil Maguire,1
Philip,1
Phillip,2
Phone,3
Phone Salesman,1
Photographer,4
Phylis,2
Phyliss,1
Phyllis,169
Phyllis and Creed,1
"Phyllis, Kevin & Stanley",1
"Phyllis, Meredith, Michael, Kevin",1
"Phyllis, Stanley, Dwight",1
Pizza guy,1
Police Officer 1,1
Police Officer 2,1
Policeman,1
Pretzel guy,1
Priest,1
Prince,1
Prince Granddaughter,1
Prince Grandfather,1
Prince Grandmother,1
Prince Son,1
Producer,1
Production Assistant,1
Professor,1
Professor Powell,1
Promo Announcer,1
Promo Voice,1
Queerenstein Bears,1
Rachel,2
Radio,1
Rafe,1
Randy,1
Ravi,3
Realtor,1
Receptionist,8
Receptionitis15,1
Receptionitis15 [screen name],1
Redheaded Actress,1
Registrar,1
Rehab Nurse,1
Reid,1
Rep,1
Reporter,2
Reporter #1,1
Reporter #2,1
Robert,21
Robert & Creed,1
Robert California,2
Robert Dunder,1
Robotic Voice,1
Roger,1
Rolando,2
Rolf,1
Rolph,1
Ronnie,1
Rory,1
Rose,1
Roy,30
Ruger Sister 1,1
Ruger Sister 2,1
Ryan,141
Ryan Howard,1
Ryan and Kelly,1
Ryan and Michael,1
Ryan and others,1
Ryan's Voicemail,1
Sadiq (IT guy),1
Salesman,2
Salesmen,1
Saleswoman,1
Sam,1
Santigold,1
Sasha,3
School Official,1
Second Cindy,1
Second Shareholder,1
Secretary,3
Security,1
Security guard,1
Senator,3
Senator Lipton,3
Senator Liptop,1
Sensei,1
Sensei Ira,1
Server,2
Seth Mayers,1
Shane,1
Shareholder,1
Shelby,1
Sheriff,1
Sherri,1
Shirley,1
Soldier,2
Someone,3
Son,1
Song,1
Spanish Teacher,1
Speaker,2
Stanely,1
Stanley,171
Stanley & Phyllis,1
Staples Guy,1
Stephanie,3
Steve,1
Stewardess,1
Stonewall Host,1
Store Employee,1
Stripper,1
Stu,1
Student 1,2
Student 2,2
Student 3,1
Students,2
Suit Store Father,1
Suit Store Son,1
Supervisor,1
Susan,1
Sweeney Todd,1
TV,1
Tall Girl #1,1
Tall Girl #2,1
Tattoo Artist,1
Teacher,1
Teammates,1
Tech Guy,1
Ted,1
Teddy,1
Teddy Wallace,1
The Kids,1
Third Shareholder,1
Toby,119
Todd,3
Todd Packer,11
Together,1
Tom,3
Tom Halpert,1
Tom and Pete,1
Tony,2
Travel Agent,1
Trevor,2
Troy,3
Ty,1
Uncle Al,1
Unknown,1
Usher,2
VRG 1,1
VRG 2,1
Val,11
Vance Refrigeration Guy,1
Vance Refrigeration Guy 1,1
Vance Refrigeration Guy 2,1
Vance Refrigeration Worker #1,3
Vance Refrigeration Worker #2,2
Vance Refrigeration guy,2
Various,2
Vet,1
Video,2
Video Michael,1
Vikram,2
Voice #1 on phone,1
Voice #2 on phone,1
Voice of Thomas Dean,1
Voice on CD player,1
Voicemail,1
W.B. Jones,1
Wade,1
Waiter,8
Waitress,6
Wally Amos,1
Walt Jr.,1
Walter,1
Walter & Walter Jr,1
Walter Jr,1
Warehouse Crew,1
Warehouse Guy,3
Warehouse Michael,1
Warehouse Worker,1
Warehouse guy,1
Warehouse guy 1,1
Warehouse guy 2,1
Warehouse guys,1
Warehouse worker,1
Warren,1
Warren Buffett,1
Wendy's phone operator,1
White,1
Window treatment guy,1
Wolf,1
Woman,9
Woman 1,1
Woman 2,1
Woman 3,1
Woman 4,1
Woman at bar,1
Woman from Buffalo,1
Woman in line,1
Woman on mic,1
Woman over speakerphone,1
Women,3
Worker,2
Wrangler,1
Young Man,1
Young Michael,1
Younger Guy,1
Zeke,3
Zion,1
"[Clark and Pete are shown on screen]
Video Andy: Hey, I'm Pete, puberty is such a drag, man. And I'm Clark! I like to eat toilet paper. [Clark and Pete wave at camera] We fail! [Video shows memorial of Jerry",1
"[repeats]
Andy: Fail",1
abe,1
sAndy,1
song,1
